{
  "best_metric": null,
  "best_model_checkpoint": null,
  "episode": 40,
  "epoch": 0.4,
  "eval_steps": 100,
  "global_step": 100,
  "is_hyper_param_search": false,
  "is_local_process_zero": true,
  "is_world_process_zero": true,
  "log_history": [
    {
      "episode": 2,
      "epoch": 0.02,
      "eps": 0,
      "loss/policy_avg": 0.0,
      "loss/value_avg": 0.0,
      "lr": 0.0,
      "objective/entropy": 148.9775390625,
      "objective/kl": -1.0658107995986938,
      "objective/non_score_reward": 0.05329053848981857,
      "objective/rlhf_reward": 1.9504098892211914,
      "objective/scores": 1.8971192836761475,
      "policy/approxkl_avg": 0.47780919075012207,
      "policy/clipfrac_avg": 0.0,
      "policy/entropy_avg": 0.892578125,
      "step": 5,
      "val/clipfrac_avg": 0.0,
      "val/num_eos_tokens": 2,
      "val/ratio": 1.0020432472229004,
      "val/ratio_var": 4.5105903723197116e-07
    },
    {
      "episode": 4,
      "epoch": 0.04,
      "eps": 0,
      "loss/policy_avg": 0.0,
      "loss/value_avg": 0.0,
      "lr": 1.0000000000000002e-06,
      "objective/entropy": 139.30679321289062,
      "objective/kl": 1.3985079526901245,
      "objective/non_score_reward": -0.06992539763450623,
      "objective/rlhf_reward": 1.8271939754486084,
      "objective/scores": 1.8971192836761475,
      "policy/approxkl_avg": 1.5384281873703003,
      "policy/clipfrac_avg": 0.0,
      "policy/entropy_avg": 0.845703125,
      "step": 10,
      "val/clipfrac_avg": 0.0,
      "val/num_eos_tokens": 2,
      "val/ratio": 0.9991065263748169,
      "val/ratio_var": 2.5433400878682733e-06
    },
    {
      "episode": 6,
      "epoch": 0.06,
      "eps": 0,
      "loss/policy_avg": 0.0,
      "loss/value_avg": 0.0,
      "lr": 2.0000000000000003e-06,
      "objective/entropy": 666.085693359375,
      "objective/kl": 3.402623176574707,
      "objective/non_score_reward": -0.17013117671012878,
      "objective/rlhf_reward": -0.0076124295592308044,
      "objective/scores": 0.16251875460147858,
      "policy/approxkl_avg": 7.663995742797852,
      "policy/clipfrac_avg": 0.0,
      "policy/entropy_avg": 1.27734375,
      "step": 15,
      "val/clipfrac_avg": 0.0,
      "val/num_eos_tokens": 0,
      "val/ratio": 0.9992806911468506,
      "val/ratio_var": 2.3357781486765816e-08
    },
    {
      "episode": 8,
      "epoch": 0.08,
      "eps": 0,
      "loss/policy_avg": 2.051117420196533,
      "loss/value_avg": 0.0,
      "lr": 3e-06,
      "objective/entropy": 282.21990966796875,
      "objective/kl": 1.77451753616333,
      "objective/non_score_reward": -0.08872587233781815,
      "objective/rlhf_reward": 0.9714054465293884,
      "objective/scores": 1.060131311416626,
      "policy/approxkl_avg": 1.5706286430358887,
      "policy/clipfrac_avg": 0.625,
      "policy/entropy_avg": 0.865234375,
      "step": 20,
      "val/clipfrac_avg": 0.0,
      "val/num_eos_tokens": 1,
      "val/ratio": 0.9993414878845215,
      "val/ratio_var": 3.7757106383651262e-06
    },
    {
      "episode": 10,
      "epoch": 0.1,
      "eps": 0,
      "loss/policy_avg": 0.0,
      "loss/value_avg": 0.0,
      "lr": 4.000000000000001e-06,
      "objective/entropy": 117.60469055175781,
      "objective/kl": -0.3617856502532959,
      "objective/non_score_reward": 0.018089279532432556,
      "objective/rlhf_reward": 1.9152085781097412,
      "objective/scores": 1.8971192836761475,
      "policy/approxkl_avg": 0.6520845890045166,
      "policy/clipfrac_avg": 0.0,
      "policy/entropy_avg": 1.1728515625,
      "step": 25,
      "val/clipfrac_avg": 0.0,
      "val/num_eos_tokens": 3,
      "val/ratio": 1.0008206367492676,
      "val/ratio_var": 4.39597670265357e-06
    },
    {
      "episode": 12,
      "epoch": 0.12,
      "eps": 0,
      "loss/policy_avg": 0.0,
      "loss/value_avg": 0.0,
      "lr": 5e-06,
      "objective/entropy": 44.26811218261719,
      "objective/kl": 2.050391435623169,
      "objective/non_score_reward": -0.10251957923173904,
      "objective/rlhf_reward": 1.7945997714996338,
      "objective/scores": 1.8971192836761475,
      "policy/approxkl_avg": 3.567492961883545,
      "policy/clipfrac_avg": 0.0,
      "policy/entropy_avg": 1.2939453125,
      "step": 30,
      "val/clipfrac_avg": 0.0,
      "val/num_eos_tokens": 3,
      "val/ratio": 0.9978058338165283,
      "val/ratio_var": 7.735223448435136e-07
    },
    {
      "episode": 14,
      "epoch": 0.14,
      "eps": 0,
      "loss/policy_avg": 0.0,
      "loss/value_avg": 0.0,
      "lr": 6e-06,
      "objective/entropy": 476.066162109375,
      "objective/kl": 1.5688973665237427,
      "objective/non_score_reward": -0.07844486087560654,
      "objective/rlhf_reward": 0.08407389372587204,
      "objective/scores": 0.16251875460147858,
      "policy/approxkl_avg": 2.080195188522339,
      "policy/clipfrac_avg": 0.0,
      "policy/entropy_avg": 1.2734375,
      "step": 35,
      "val/clipfrac_avg": 0.0,
      "val/num_eos_tokens": 3,
      "val/ratio": 1.0006765127182007,
      "val/ratio_var": 6.007089723425452e-06
    },
    {
      "episode": 16,
      "epoch": 0.16,
      "eps": 0,
      "loss/policy_avg": 0.0,
      "loss/value_avg": 0.0,
      "lr": 7.000000000000001e-06,
      "objective/entropy": 418.5274658203125,
      "objective/kl": 0.22454452514648438,
      "objective/non_score_reward": -0.011227229610085487,
      "objective/rlhf_reward": 1.8858920335769653,
      "objective/scores": 1.8971192836761475,
      "policy/approxkl_avg": 0.7772359848022461,
      "policy/clipfrac_avg": 0.0,
      "policy/entropy_avg": 1.056640625,
      "step": 40,
      "val/clipfrac_avg": 0.0,
      "val/num_eos_tokens": 1,
      "val/ratio": 0.9999397397041321,
      "val/ratio_var": 2.177615442633396e-06
    },
    {
      "episode": 18,
      "epoch": 0.18,
      "eps": 0,
      "loss/policy_avg": 0.0,
      "loss/value_avg": 0.0,
      "lr": 8.000000000000001e-06,
      "objective/entropy": 297.0281677246094,
      "objective/kl": -1.437441110610962,
      "objective/non_score_reward": 0.0718720555305481,
      "objective/rlhf_reward": 0.23439079523086548,
      "objective/scores": 0.16251875460147858,
      "policy/approxkl_avg": 0.38750290870666504,
      "policy/clipfrac_avg": 0.0,
      "policy/entropy_avg": 1.37890625,
      "step": 45,
      "val/clipfrac_avg": 0.0,
      "val/num_eos_tokens": 2,
      "val/ratio": 1.0001955032348633,
      "val/ratio_var": 2.8222509627084946e-06
    },
    {
      "episode": 20,
      "epoch": 0.2,
      "eps": 0,
      "loss/policy_avg": 0.0,
      "loss/value_avg": 0.0,
      "lr": 9e-06,
      "objective/entropy": -166.01779174804688,
      "objective/kl": 0.902964174747467,
      "objective/non_score_reward": -0.04514820873737335,
      "objective/rlhf_reward": 1.85197114944458,
      "objective/scores": 1.8971192836761475,
      "policy/approxkl_avg": 0.8883647918701172,
      "policy/clipfrac_avg": 0.0,
      "policy/entropy_avg": 0.655517578125,
      "step": 50,
      "val/clipfrac_avg": 0.0,
      "val/num_eos_tokens": 4,
      "val/ratio": 0.9992251396179199,
      "val/ratio_var": 2.1286682567733806e-06
    },
    {
      "episode": 22,
      "epoch": 0.22,
      "eps": 0,
      "loss/policy_avg": 0.0,
      "loss/value_avg": 0.0,
      "lr": 1e-05,
      "objective/entropy": -273.81756591796875,
      "objective/kl": 5.492029666900635,
      "objective/non_score_reward": -0.2746015191078186,
      "objective/rlhf_reward": 1.6225178241729736,
      "objective/scores": 1.8971192836761475,
      "policy/approxkl_avg": 15.814712524414062,
      "policy/clipfrac_avg": 0.0,
      "policy/entropy_avg": 1.0771484375,
      "step": 55,
      "val/clipfrac_avg": 0.0,
      "val/num_eos_tokens": 3,
      "val/ratio": 0.9981802701950073,
      "val/ratio_var": 3.731382491878321e-07
    },
    {
      "episode": 24,
      "epoch": 0.24,
      "eps": 0,
      "loss/policy_avg": 0.0,
      "loss/value_avg": 0.0,
      "lr": 1.1000000000000001e-05,